<?xml version='1.0' encoding='UTF-8'?>
<metadata>
  <idinfo>
    <citation>
      <citeinfo>
        <origin>Yuehua Zeng</origin>
        <pubdate>20220622</pubdate>
        <title>2023 NSHM western United States GPS velocities version 1.0</title>
        <geoform>tabular digital data</geoform>
        <pubinfo>
          <pubplace>Golden, CO</pubplace>
          <publish>U.S. Geological Survey</publish>
        </pubinfo>
        <onlink>https://doi.org/10.5066/P9MXY6RC</onlink>
      </citeinfo>
    </citation>
    <descript>
      <abstract>Global positioning system (GPS) data were compiled and processed to support models for seismic hazard assessment that will be included in the 2023 USGS National Seismic Hazard Model (NSHM). This data release presents the updated GPS velocity field for the western United States. Data processing centers and field networks, seven in total, supported this work, and solutions include both survey and continuous-mode GPS velocity measurements. Processing procedures were followed according to the UCERF3 (Uniform California Earthquake Rupture Forecast version 3) and the 2014 NSHM deformation modeling project. The final velocity field consists of 4,979 horizontal velocity vectors.</abstract>
      <purpose>This data release supports the 2023 USGS National Seismic Hazard Model with an updated GPS velocity field for the western United States.</purpose>
      <supplinf>Files included in this data release are the following:
nshm2023_wus_v1.txt The plain text file of the data.
nshm2023_wus_v1_with_names.txt The plain text file of the data with station names.
nshm2023_GPS_velocity.zip The zipped shapefile is in this folder.
</supplinf>
    </descript>
    <timeperd>
      <timeinfo>
        <sngdate>
          <caldate>20220622</caldate>
        </sngdate>
      </timeinfo>
      <current>publication date</current>
    </timeperd>
    <status>
      <progress>Complete</progress>
      <update>As needed</update>
    </status>
    <spdom>
      <bounding>
        <westbc>-128.5990</westbc>
        <eastbc>-103.0210</eastbc>
        <northbc>52.4582</northbc>
        <southbc>28.3783</southbc>
      </bounding>
    </spdom>
    <keywords>
      <theme>
        <themekt>USGS Thesaurus</themekt>
        <themekey>earthquakes</themekey>
        <themekey>hazards</themekey>
        <themekey>earthquake occurrences</themekey>
        <themekey>seismology</themekey>
      </theme>
      <place>
        <placekt>Common geographic areas</placekt>
        <placekey>United States</placekey>
      </place>
    </keywords>
    <accconst>None. Please see 'Distribution Info' for details.</accconst>
    <useconst>These data are intended for supporting models for seismic hazard assessments. Any use of trade, firm, or product names is for descriptive purposes only and does not imply endorsement by the U.S. Government. Although this information product, for the most part, is in the public domain, it also contains copyrighted materials as noted in the text. Permission to reproduce copyrighted items must be secured from the copyright owner whenever applicable. The data have been approved for release and publication by the U.S. Geological Survey (USGS). Although the data have been subjected to rigorous review and are substantially complete, the USGS reserves the right to revise the data pursuant to further analysis and review. Furthermore, the data are released on the condition that neither the USGS nor the U.S. Government may be held liable for any damages resulting from authorized or unauthorized use. Although the data have been processed successfully on a computer system at the U.S. Geological Survey, no warranty expressed or implied is made regarding the display or utility of the data on any other system, or for general or scientific purposes, nor shall the act of distribution constitute any such warranty. The U.S. Geological Survey shall not be held liable for improper or incorrect use of the data described and/or contained herein. Users of the data are advised to read all metadata and associated documentation thoroughly to understand appropriate use and data limitations.</useconst>
    <ptcontac>
      <cntinfo>
        <cntperp>
          <cntper>Yuehua Zeng</cntper>
          <cntorg>U.S. Geological Survey</cntorg>
        </cntperp>
        <cntpos>Research Geophysicist</cntpos>
        <cntaddr>
          <addrtype>mailing and physical</addrtype>
          <address>Box 25046, MS 966</address>
          <city>Lakewood</city>
          <state>CO</state>
          <postal>80225</postal>
          <country>USA</country>
        </cntaddr>
        <cntvoice>303-273-8561</cntvoice>
        <cntemail>zeng@usgs.gov</cntemail>
      </cntinfo>
    </ptcontac>
    <native>Matlab, ESRI ArcGIS 10.8.1</native>
  </idinfo>
  <dataqual>
    <attracc>
      <attraccr>No formal attribute accuracy tests were conducted.</attraccr>
    </attracc>
    <logic>No logical consistency tests were conducted.</logic>
    <complete>Data set is considered complete for the information presented, as described in the abstract. Users are advised to read the rest of the metadata record carefully for additional details.</complete>
    <posacc>
      <horizpa>
        <horizpar>No formal horizontal positional accuracy tests were conducted.</horizpar>
      </horizpa>
      <vertacc>
        <vertaccr>No formal vertical positional accuracy tests were conducted.</vertaccr>
      </vertacc>
    </posacc>
    <lineage>
      <srcinfo>
        <srccite>
          <citeinfo>
            <origin>Thomas A. Herring</origin>
            <origin>Timothy I. Melbourne</origin>
            <origin>Mark H. Murray</origin>
            <origin>Michael A. Floyd</origin>
            <origin>Walter M. Szeliga</origin>
            <origin>Robert W. King</origin>
            <pubdate>20161029</pubdate>
            <title>Plate Boundary Observatory and related networks: GPS data analysis methods and geodetic products</title>
            <geoform>publication</geoform>
            <serinfo>
              <sername>Reviews of Geophysics</sername>
              <issue>vol. 54, issue 4</issue>
            </serinfo>
            <pubinfo>
              <pubplace>n/a</pubplace>
              <publish>American Geophysical Union (AGU)</publish>
            </pubinfo>
            <othercit>Herring, T. A., Melbourne, T.I., Murray, M. H., Floyd, M.A., Szeliga, W.M., King, R.W., Phillips, D.A., Puskas, C.M., Santillan, M., and Wang, L., 2016, Plate Boundary Observatory and related networks: GPS data analysis methods and geodetic products, Reviews of Geophysics, v. 54, no. 4, p. 759-808, https://doi.org/10.1002/2016RG000529.</othercit>
            <onlink>https://doi.org/10.1002/2016RG000529</onlink>
          </citeinfo>
        </srccite>
        <typesrc>Digital and/or Hardcopy</typesrc>
        <srctime>
          <timeinfo>
            <sngdate>
              <caldate>20161029</caldate>
            </sngdate>
          </timeinfo>
          <srccurr>publication date</srccurr>
        </srctime>
        <srccitea>Herring et al. (2016)</srccitea>
        <srccontr>GPS dataset</srccontr>
      </srcinfo>
      <srcinfo>
        <srccite>
          <citeinfo>
            <origin>Geoffrey Blewitt</origin>
            <origin>Corné Kreemer</origin>
            <origin>William C. Hammond</origin>
            <origin>Julien Gazeaux</origin>
            <pubdate>20160304</pubdate>
            <title>MIDAS robust trend estimator for accurate GPS station velocities without step detection</title>
            <geoform>publication</geoform>
            <serinfo>
              <sername>Journal of Geophysical Research: Solid Earth</sername>
              <issue>vol. 121, issue 3</issue>
            </serinfo>
            <pubinfo>
              <pubplace>n/a</pubplace>
              <publish>American Geophysical Union (AGU)</publish>
            </pubinfo>
            <othercit>Blewitt, G., Kreemer, C., Hammond, W.C., and Gazeaux, J., 2016, MIDAS robust trend estimator for accurate GPS station velocities without step detection: Journal of Geophysical Research, v. 121, n. 3, p. 2054-2068, https://doi.org/10.1002/2015JB012552.</othercit>
            <onlink>https://doi.org/10.1002/2015JB012552</onlink>
          </citeinfo>
        </srccite>
        <typesrc>Digital and/or Hardcopy</typesrc>
        <srctime>
          <timeinfo>
            <sngdate>
              <caldate>20160304</caldate>
            </sngdate>
          </timeinfo>
          <srccurr>publication date</srccurr>
        </srctime>
        <srccitea>Blewitt et al. (2016)</srccitea>
        <srccontr>GPS processing</srccontr>
      </srcinfo>
      <srcinfo>
        <srccite>
          <citeinfo>
            <origin>Rob McCaffrey</origin>
            <origin>Robert W. King</origin>
            <pubdate>2017</pubdate>
            <title>Puget 2016</title>
            <geoform>publication</geoform>
            <pubinfo>
              <pubplace>n/a</pubplace>
              <publish>UNAVCO, Inc.</publish>
            </pubinfo>
            <othercit>McCaffrey, R., and King, R.W., 2017, Puget 2016: UNAVCO, GPS Data Set, https://doi.org/10.7283/T5ZK5F30.</othercit>
            <onlink>https://doi.org/10.7283/t5zk5f30</onlink>
          </citeinfo>
        </srccite>
        <typesrc>Digital and/or Hardcopy</typesrc>
        <srctime>
          <timeinfo>
            <sngdate>
              <caldate>2017</caldate>
            </sngdate>
          </timeinfo>
          <srccurr>publication date</srccurr>
        </srctime>
        <srccitea>McCaffrey and King (2017)</srccitea>
        <srccontr>GPS dataset</srccontr>
      </srcinfo>
      <srcinfo>
        <srccite>
          <citeinfo>
            <origin>J. Alejandro González‐Ortega</origin>
            <origin>J. Javier González‐García</origin>
            <origin>David T. Sandwell</origin>
            <pubdate>20180214</pubdate>
            <title>Interseismic Velocity Field and Seismic Moment Release in Northern Baja California, Mexico</title>
            <geoform>publication</geoform>
            <serinfo>
              <sername>Seismological Research Letters</sername>
              <issue>vol. 89, issue 2A</issue>
            </serinfo>
            <pubinfo>
              <pubplace>n/a</pubplace>
              <publish>Seismological Society of America (SSA)</publish>
            </pubinfo>
            <othercit>González‐Ortega, J. A., González‐García, J.J., and Sandwell, D.T., 2018, Interseismic velocity field and seismic moment release in northern Baja California, Mexico: Seismological Research Letters, v. 89, n. 2A, p. 526-533, https://doi.org/10.1785/0220170133.</othercit>
            <onlink>https://doi.org/10.1785/0220170133</onlink>
          </citeinfo>
        </srccite>
        <typesrc>Digital and/or Hardcopy</typesrc>
        <srctime>
          <timeinfo>
            <sngdate>
              <caldate>20180214</caldate>
            </sngdate>
          </timeinfo>
          <srccurr>publication date</srccurr>
        </srctime>
        <srccitea>Gonzalez-Ortega et al. (2018)</srccitea>
        <srccontr>GPS dataset</srccontr>
      </srcinfo>
      <srcinfo>
        <srccite>
          <citeinfo>
            <origin>Jessica R. Murray</origin>
            <origin>Jerry Svarc</origin>
            <pubdate>20170301</pubdate>
            <title>Global Positioning System Data Collection, Processing, and Analysis Conducted by the U.S. Geological Survey Earthquake Hazards Program</title>
            <geoform>publication</geoform>
            <serinfo>
              <sername>Seismological Research Letters</sername>
              <issue>vol. 88, issue 3</issue>
            </serinfo>
            <pubinfo>
              <pubplace>n/a</pubplace>
              <publish>Seismological Society of America (SSA)</publish>
            </pubinfo>
            <othercit>Murray, J.R., and Svarc, J., 2017, Global Positioning System data collection, processing, and analysis conducted by the U.S. Geological Survey Earthquake Hazards Program: Seismological Research Letters, v. 88, n. 3, p. 916-925, https://doi.org/10.1785/0220160204.</othercit>
            <onlink>https://doi.org/10.1785/0220160204</onlink>
          </citeinfo>
        </srccite>
        <typesrc>Digital and/or Hardcopy</typesrc>
        <srctime>
          <timeinfo>
            <sngdate>
              <caldate>20170301</caldate>
            </sngdate>
          </timeinfo>
          <srccurr>publication date</srccurr>
        </srctime>
        <srccitea>Murray and Svarc (2017)</srccitea>
        <srccontr>GPS dataset</srccontr>
      </srcinfo>
      <srcinfo>
        <srccite>
          <citeinfo>
            <origin>Zhenghang Shen</origin>
            <pubdate>2020</pubdate>
            <title>Survey and continuous GPS velocities for the western United States [unpublished]</title>
            <geoform>tabular digital data</geoform>
            <othercit>Shen, Z.-K., 2020, Survey and continuous GPS velocities for the western United States, [unpublished]: Los Angeles, Calif., University of California.</othercit>
          </citeinfo>
        </srccite>
        <typesrc>Digital and/or Hardcopy</typesrc>
        <srctime>
          <timeinfo>
            <sngdate>
              <caldate>2020</caldate>
            </sngdate>
          </timeinfo>
          <srccurr>observed</srccurr>
        </srctime>
        <srccitea>Shen (2020)</srccitea>
        <srccontr>GPS dataset</srccontr>
      </srcinfo>
      <srcinfo>
        <srccite>
          <citeinfo>
            <origin>Zheng‐Kang Shen</origin>
            <origin>Zhen Liu</origin>
            <pubdate>20200420</pubdate>
            <title>Integration of GPS and InSAR Data for Resolving 3‐Dimensional Crustal Deformation</title>
            <geoform>publication</geoform>
            <serinfo>
              <sername>Earth and Space Science</sername>
              <issue>vol. 7, issue 4</issue>
            </serinfo>
            <pubinfo>
              <pubplace>n/a</pubplace>
              <publish>American Geophysical Union (AGU)</publish>
            </pubinfo>
            <othercit>Shen, Z.-K., and Liu, Z., 2020, Integration of GPS and InSAR data for resolving 3‐dimensional crustal deformation: Earth and Space Science, v. 7, n. 4, p. 1-17, https://doi.org/10.1029/2019EA001036.</othercit>
            <onlink>https://doi.org/10.1029/2019EA001036</onlink>
          </citeinfo>
        </srccite>
        <typesrc>Digital and/or Hardcopy</typesrc>
        <srctime>
          <timeinfo>
            <sngdate>
              <caldate>20200420</caldate>
            </sngdate>
          </timeinfo>
          <srccurr>publication date</srccurr>
        </srctime>
        <srccitea>Shen and Liu (2020)</srccitea>
        <srccontr>GPS processing</srccontr>
      </srcinfo>
      <procstep>
        <procdesc>We compile new western U.S. GPS velocities solutions from seven field operation and data processing centers for the deformation modeling project in support of the 2023 NSHM update. The solutions include both survey and continuous-mode GPS velocity products, covering most of the western US. Following the same processing procedure for UCERF3 and the 2014 NSHM deformation modeling project, we rotate all GPS velocity vectors to a common North American reference frame and edit the fields to remove outliers and velocities with active volcanic deformation. Velocities with uncertainties larger than 2 mm/year are also removed from the data. The resulting solutions are combined into a final GPS velocity field of 4979 horizontal velocity vectors.</procdesc>
        <procdate>20220601</procdate>
      </procstep>
    </lineage>
  </dataqual>
  <spdoinfo>
    <direct>Vector</direct>
    <ptvctinf>
      <sdtsterm>
        <sdtstype>Entity point</sdtstype>
        <ptvctcnt>4979</ptvctcnt>
      </sdtsterm>
    </ptvctinf>
  </spdoinfo>
  <spref>
    <horizsys>
      <geograph>
        <latres>0.0197465828</latres>
        <longres>0.0258149684</longres>
        <geogunit>Decimal seconds</geogunit>
      </geograph>
      <geodetic>
        <horizdn>WGS_1984</horizdn>
        <ellips>WGS_84</ellips>
        <semiaxis>6378137.0</semiaxis>
        <denflat>298.257223563</denflat>
      </geodetic>
    </horizsys>
  </spref>
  <eainfo>
    <detailed>
      <enttyp>
        <enttypl>nshm2023_GPS_velocity</enttypl>
        <enttypd>GPS and shapefile versions of the data.</enttypd>
        <enttypds>Producer Defined</enttypds>
      </enttyp>
      <attr>
        <attrlabl>lon</attrlabl>
        <attrdef>Longitude in decimal degrees</attrdef>
        <attrdefs>Producer Defined</attrdefs>
        <attrdomv>
          <rdom>
            <rdommin>-103.0210</rdommin>
            <rdommax>-128.5990</rdommax>
            <attrunit>decimal degrees</attrunit>
          </rdom>
        </attrdomv>
      </attr>
      <attr>
        <attrlabl>lat</attrlabl>
        <attrdef>Latitude in decimal degrees</attrdef>
        <attrdefs>Producer Defined</attrdefs>
        <attrdomv>
          <rdom>
            <rdommin>28.3783</rdommin>
            <rdommax>52.4582</rdommax>
            <attrunit>decimal degrees</attrunit>
          </rdom>
        </attrdomv>
      </attr>
      <attr>
        <attrlabl>Ve</attrlabl>
        <attrdef>East component of station velocity, mm/yr</attrdef>
        <attrdefs>Producer Defined</attrdefs>
        <attrdomv>
          <rdom>
            <rdommin>-36.78</rdommin>
            <rdommax>15.914</rdommax>
            <attrunit>mm/yr</attrunit>
          </rdom>
        </attrdomv>
      </attr>
      <attr>
        <attrlabl>Vn</attrlabl>
        <attrdef>North component of station velocity, mm/yr</attrdef>
        <attrdefs>Producer Defined</attrdefs>
        <attrdomv>
          <rdom>
            <rdommin>-4.051</rdommin>
            <rdommax>39.626</rdommax>
            <attrunit>mm/yr</attrunit>
          </rdom>
        </attrdomv>
      </attr>
      <attr>
        <attrlabl>Se</attrlabl>
        <attrdef>Standard deviation of East velocity, mm/yr</attrdef>
        <attrdefs>Producer Defined</attrdefs>
        <attrdomv>
          <rdom>
            <rdommin>0.12</rdommin>
            <rdommax>3.301</rdommax>
            <attrunit>mm/yr</attrunit>
          </rdom>
        </attrdomv>
      </attr>
      <attr>
        <attrlabl>Sn</attrlabl>
        <attrdef>Standard deviation of North velocity, mm/yr</attrdef>
        <attrdefs>Producer Defined</attrdefs>
        <attrdomv>
          <rdom>
            <rdommin>0.14</rdommin>
            <rdommax>4.143</rdommax>
            <attrunit>mm/yr</attrunit>
          </rdom>
        </attrdomv>
      </attr>
      <attr>
        <attrlabl>Ren</attrlabl>
        <attrdef>Correlation of North and East velocity</attrdef>
        <attrdefs>Producer Defined</attrdefs>
        <attrdomv>
          <rdom>
            <rdommin>-0.422</rdommin>
            <rdommax>0.182</rdommax>
            <attrunit>mm/yr</attrunit>
          </rdom>
        </attrdomv>
      </attr>
      <attr>
        <attrlabl>USGS</attrlabl>
        <attrdef>Station identification (ID)</attrdef>
        <attrdefs>Producer Defined</attrdefs>
        <attrdomv>
          <edom>
            <edomv>_</edomv>
            <edomvd>No value</edomvd>
            <edomvds>Producer defined</edomvds>
          </edom>
        </attrdomv>
        <attrdomv>
          <udom>Examples of values: 7ODM, ACSX, and AGMT</udom>
        </attrdomv>
      </attr>
      <attr>
        <attrlabl>MIDAS</attrlabl>
        <attrdef>Station identification</attrdef>
        <attrdefs>Producer defined</attrdefs>
        <attrdomv>
          <edom>
            <edomv>_</edomv>
            <edomvd>No value</edomvd>
            <edomvds>Producer defined</edomvds>
          </edom>
        </attrdomv>
        <attrdomv>
          <udom>Examples of values: 7ODM, ACSX, and AGMT</udom>
        </attrdomv>
      </attr>
      <attr>
        <attrlabl>PBO</attrlabl>
        <attrdef>Station identification</attrdef>
        <attrdefs>Producer defined</attrdefs>
        <attrdomv>
          <edom>
            <edomv>_</edomv>
            <edomvd>No value</edomvd>
            <edomvds>Producer defined</edomvds>
          </edom>
        </attrdomv>
        <attrdomv>
          <udom>Examples of values: 7ODM, ACSX, and AGMT</udom>
        </attrdomv>
      </attr>
      <attr>
        <attrlabl>UCLA</attrlabl>
        <attrdef>Station identification</attrdef>
        <attrdefs>Producer defined</attrdefs>
        <attrdomv>
          <edom>
            <edomv>_</edomv>
            <edomvd>No value</edomvd>
            <edomvds>Producer defined</edomvds>
          </edom>
        </attrdomv>
        <attrdomv>
          <udom>Examples of values: AGMT, ALAM, and AZRY</udom>
        </attrdomv>
      </attr>
      <attr>
        <attrlabl>PNW</attrlabl>
        <attrdef>Station identification</attrdef>
        <attrdefs>Producer defined</attrdefs>
        <attrdomv>
          <edom>
            <edomv>_</edomv>
            <edomvd>No value</edomvd>
            <edomvds>Producer defined</edomvds>
          </edom>
        </attrdomv>
        <attrdomv>
          <udom>Examples of values: AHID, ALBH, and APEX</udom>
        </attrdomv>
      </attr>
      <attr>
        <attrlabl>UCSD</attrlabl>
        <attrdef>Station identification</attrdef>
        <attrdefs>Producer defined</attrdefs>
        <attrdomv>
          <edom>
            <edomv>_</edomv>
            <edomvd>No value</edomvd>
            <edomvds>Producer defined</edomvds>
          </edom>
        </attrdomv>
        <attrdomv>
          <udom>Examples of values: RM02, GUAX, and SPMX</udom>
        </attrdomv>
      </attr>
      <attr>
        <attrlabl>JPL</attrlabl>
        <attrdef>Station identification</attrdef>
        <attrdefs>Producer defined</attrdefs>
        <attrdomv>
          <edom>
            <edomv>_</edomv>
            <edomvd>No value</edomvd>
            <edomvds>Producer defined</edomvds>
          </edom>
        </attrdomv>
        <attrdomv>
          <udom>Examples of values: 7ODM, ACSB, and AGMT</udom>
        </attrdomv>
      </attr>
    </detailed>
    <overview>
      <eaover>This data release provides the GPS velocity field attributes prepared for the 2023 NSHM update. A version of the data including station identification is included as the supplemental file "nshm2023_wus_v1_with_names.txt".</eaover>
      <eadetcit>Detailed descriptions of entities, attributes, and attribute values are given in metadata for constituent elements of the data.</eadetcit>
    </overview>
  </eainfo>
  <distinfo>
    <distrib>
      <cntinfo>
        <cntorgp>
          <cntorg>U.S. Geological Survey</cntorg>
          <cntper>GS ScienceBase</cntper>
        </cntorgp>
        <cntaddr>
          <addrtype>mailing address</addrtype>
          <address>Denver Federal Center, Building 810, Mail Stop 302</address>
          <city>Denver</city>
          <state>CO</state>
          <postal>80225</postal>
          <country>United States</country>
        </cntaddr>
        <cntvoice>1-888-275-8747</cntvoice>
        <cntemail>sciencebase@usgs.gov</cntemail>
      </cntinfo>
    </distrib>
    <distliab>Any use of trade, firm, or product names is for descriptive purposes only and does not imply endorsement by the U.S. Government. Although this information product, for the most part, is in the public domain, it also contains copyrighted materials as noted in the text. Permission to reproduce copyrighted items must be secured from the copyright owner whenever applicable. The data have been approved for release and publication by the U.S. Geological Survey (USGS). Although the data have been subjected to rigorous review and are substantially complete, the USGS reserves the right to revise the data pursuant to further analysis and review. Furthermore, the data are released on the condition that neither the USGS nor the U.S. Government may be held liable for any damages resulting from authorized or unauthorized use. Although the data have been processed successfully on a computer system at the U.S. Geological Survey, no warranty expressed or implied is made regarding the display or utility of the data on any other system, or for general or scientific purposes, nor shall the act of distribution constitute any such warranty. The U.S. Geological Survey shall not be held liable for improper or incorrect use of the data described and/or contained herein. Users of the data are advised to read all metadata and associated documentation thoroughly to understand appropriate use and data limitations.</distliab>
    <stdorder>
      <digform><digtinfo>
          <formname>SHP and TXT</formname>
          <formvern>Matlab, ArcGIS 10.8.1</formvern>
        </digtinfo>
        <digtopt><onlinopt><computer><networka><networkr>https://doi.org/10.5066/P9MXY6RC</networkr></networka></computer></onlinopt></digtopt></digform>
      <fees>None</fees>
    </stdorder>
  </distinfo>
  <metainfo>
    <metd>20220614</metd>
    <metc>
      <cntinfo>
        <cntorgp>
          <cntorg>U.S. Geological Survey - Geologic Hazards Science Center</cntorg>
          <cntper>Julie A. Herrick</cntper>
        </cntorgp>
        <cntpos>Geophysicist</cntpos>
        <cntaddr>
          <addrtype>mailing and physical</addrtype>
          <address>Box 25046, MS 966</address>
          <city>Lakewood</city>
          <state>CO</state>
          <postal>80225</postal>
          <country>USA</country>
        </cntaddr>
        <cntvoice>303-273-8500</cntvoice>
        <cntemail>jherrick@usgs.gov</cntemail>
      </cntinfo>
    </metc>
    <metstdn>Content Standard for Digital Geospatial Metadata</metstdn>
    <metstdv>FGDC-STD-001-1998</metstdv>
  </metainfo>
</metadata>
